CLASS,PERCENTAGE
vehicle,68.01282167434692
vehicle,68.46377849578857
vehicle,88.91302347183228
vehicle,34.821850061416626
vehicle,53.12504768371582
vehicle,58.57865810394287
vehicle,68.40713024139404
vehicle,77.1296739578247
vehicle,45.88969349861145
vehicle,65.89242815971375
vehicle,80.45716881752014
vehicle,53.94107699394226
vehicle,35.22420525550842
vehicle,58.918917179107666
vehicle,67.85540580749512
vehicle,76.45665407180786
vehicle,46.219268441200256
vehicle,67.11640954017639
vehicle,80.5909812450409
vehicle,54.18219566345215
vehicle,36.42638027667999
vehicle,58.91885757446289
vehicle,67.84626841545105
vehicle,76.44938826560974
vehicle,46.22323513031006
vehicle,67.11000204086304
vehicle,80.5608332157135
vehicle,54.183197021484375
vehicle,68.89417171478271
vehicle,79.33078408241272
vehicle,75.90932846069336
vehicle,69.42524909973145
vehicle,79.45618033409119
vehicle,76.50370597839355
vehicle,48.41385781764984
vehicle,53.385913372039795
vehicle,65.2329683303833
vehicle,59.8333477973938
vehicle,67.28070378303528
vehicle,74.3757426738739
vehicle,84.78866219520569
vehicle,48.13690483570099
vehicle,52.97386646270752
vehicle,65.05160331726074
vehicle,59.30614471435547
vehicle,67.51651763916016
vehicle,74.68249201774597
vehicle,84.93526577949524
vehicle,48.20267856121063
vehicle,53.00767421722412
vehicle,65.06713628768921
vehicle,59.174156188964844
vehicle,67.50928163528442
vehicle,74.6127188205719
vehicle,84.98834371566772
vehicle,58.63890051841736
vehicle,87.45821714401245
vehicle,89.39770460128784
vehicle,58.59233736991882
vehicle,87.60833144187927
vehicle,89.34406042098999
vehicle,58.527594804763794
vehicle,87.62672543525696
vehicle,89.38069939613342
vehicle,87.49610185623169
vehicle,48.40203821659088
vehicle,82.03195929527283
vehicle,87.52831220626831
vehicle,49.23402965068817
vehicle,82.34354853630066
vehicle,68.7804102897644
vehicle,75.84939002990723
vehicle,31.05795383453369
vehicle,59.650665521621704
vehicle,89.4176721572876
vehicle,77.13547945022583
vehicle,38.65298628807068
vehicle,68.84863376617432
vehicle,75.86756944656372
vehicle,59.64059829711914
vehicle,89.45515155792236
vehicle,77.25639939308167
vehicle,38.37021589279175
vehicle,69.27406787872314
vehicle,76.12874507904053
vehicle,30.624958872795105
vehicle,59.480684995651245
vehicle,89.47508335113525
vehicle,77.2578477859497
vehicle,37.96645700931549
vehicle,32.90269672870636
vehicle,43.717160820961
vehicle,32.42937922477722
vehicle,90.30636548995972
vehicle,79.69765663146973
vehicle,61.42221689224243
vehicle,47.55650758743286
vehicle,32.311880588531494
vehicle,90.3421401977539
vehicle,79.63734269142151
vehicle,61.655014753341675
vehicle,47.485941648483276
vehicle,32.31840133666992
vehicle,90.34094214439392
vehicle,79.54411506652832
vehicle,61.66014075279236
vehicle,59.918212890625
vehicle,87.08159327507019
vehicle,82.10362792015076
vehicle,84.18490290641785
vehicle,58.77838134765625
vehicle,87.06165552139282
vehicle,82.02917575836182
vehicle,84.16630029678345
vehicle,77.76482701301575
vehicle,32.82143175601959
vehicle,37.588560581207275
vehicle,83.1476092338562
vehicle,79.81989979743958
vehicle,31.146106123924255
vehicle,77.86793112754822
vehicle,32.37795531749725
vehicle,37.505051493644714
vehicle,83.18080306053162
vehicle,79.76559400558472
vehicle,30.891895294189453
vehicle,77.86994576454163
vehicle,32.37655460834503
vehicle,37.69644498825073
vehicle,83.175528049469
vehicle,79.7576904296875
vehicle,30.889329314231873
vehicle,69.21297907829285
vehicle,81.92800283432007
vehicle,39.60402309894562
vehicle,30.036380887031555
vehicle,31.32437765598297
vehicle,65.3465211391449
vehicle,84.7283124923706
vehicle,77.07467079162598
vehicle,59.83579754829407
vehicle,69.29159164428711
vehicle,82.12992548942566
vehicle,39.58810865879059
vehicle,31.463637948036194
vehicle,65.21664261817932
vehicle,84.68236327171326
vehicle,77.02968120574951
vehicle,60.67001223564148
vehicle,69.30151581764221
vehicle,82.05868601799011
vehicle,39.753514528274536
vehicle,30.00631332397461
vehicle,31.473129987716675
vehicle,66.09998941421509
vehicle,84.69403386116028
vehicle,76.85349583625793
vehicle,60.72109341621399
vehicle,74.56295490264893
vehicle,90.5330240726471
vehicle,35.03124713897705
vehicle,53.241050243377686
vehicle,82.64145851135254
vehicle,81.19838833808899
vehicle,40.00636339187622
vehicle,74.55881237983704
vehicle,90.52066802978516
vehicle,35.18382906913757
vehicle,53.07971239089966
vehicle,82.65641331672668
vehicle,81.11281991004944
vehicle,40.28375744819641
vehicle,37.829285860061646
vehicle,61.49510741233826
vehicle,62.6232385635376
vehicle,80.43954372406006
vehicle,81.98683261871338
vehicle,84.07819271087646
vehicle,38.242319226264954
vehicle,61.49859428405762
vehicle,62.61276602745056
vehicle,80.45165538787842
vehicle,81.9803774356842
vehicle,84.06883478164673
vehicle,38.43244016170502
vehicle,61.49413585662842
vehicle,62.607258558273315
vehicle,80.4691731929779
vehicle,81.96632266044617
vehicle,84.03172492980957
vehicle,84.70767736434937
vehicle,48.308777809143066
vehicle,81.19487166404724
vehicle,84.92934703826904
vehicle,84.60693955421448
vehicle,47.05760478973389
vehicle,81.18269443511963
vehicle,84.98694896697998
vehicle,84.61955189704895
vehicle,47.448793053627014
vehicle,81.19659423828125
vehicle,84.97404456138611
vehicle,42.50737130641937
vehicle,82.13327527046204
vehicle,81.54914379119873
vehicle,80.64624071121216
vehicle,39.87375199794769
vehicle,82.13005065917969
vehicle,81.52186274528503
vehicle,80.54059147834778
vehicle,76.42689943313599
vehicle,73.11606407165527
vehicle,34.222984313964844
vehicle,80.47657012939453
vehicle,84.47366952896118
vehicle,76.35030746459961
vehicle,72.08937406539917
vehicle,80.669504404068
vehicle,84.31752324104309
vehicle,76.29072666168213
vehicle,72.12817072868347
vehicle,80.6603729724884
vehicle,84.29154753684998
vehicle,79.42731976509094
vehicle,70.77572345733643
vehicle,71.93345427513123
vehicle,82.61338472366333
vehicle,79.3702244758606
vehicle,70.81846594810486
vehicle,75.08125901222229
vehicle,82.85984396934509
vehicle,79.38264608383179
vehicle,70.81978917121887
vehicle,75.50513744354248
vehicle,82.84655809402466
vehicle,45.60295641422272
vehicle,79.33934330940247
vehicle,74.76489543914795
vehicle,68.55930089950562
vehicle,79.16433811187744
vehicle,46.00832760334015
vehicle,45.60711085796356
vehicle,79.39090728759766
vehicle,74.75124001502991
vehicle,68.54740977287292
vehicle,79.18552756309509
vehicle,45.17106115818024
vehicle,74.2979645729065
vehicle,76.6638696193695
vehicle,78.35420370101929
vehicle,74.1131842136383
vehicle,76.65597796440125
vehicle,78.2658576965332
vehicle,74.20209646224976
vehicle,76.5875518321991
vehicle,78.23712825775146
vehicle,66.77694916725159
vehicle,68.8174307346344
vehicle,74.79338049888611
vehicle,83.87919068336487
vehicle,66.48585796356201
vehicle,68.84615421295166
vehicle,74.947190284729
vehicle,83.86544585227966
vehicle,66.46555066108704
vehicle,68.86414289474487
vehicle,74.96733069419861
vehicle,83.8682472705841
vehicle,72.83796072006226
vehicle,68.7920331954956
vehicle,67.51240491867065
vehicle,78.00672054290771
vehicle,72.8557825088501
vehicle,68.790203332901
vehicle,66.53351187705994
vehicle,77.81731486320496
vehicle,41.15776717662811
vehicle,65.27404189109802
vehicle,71.9766914844513
vehicle,82.7250599861145
vehicle,41.059720516204834
vehicle,65.24720191955566
vehicle,72.01465368270874
vehicle,82.70092010498047
vehicle,41.2058025598526
vehicle,65.22542834281921
vehicle,72.00866937637329
vehicle,82.69503712654114
vehicle,65.24826288223267
vehicle,73.4101414680481
vehicle,80.47314286231995
vehicle,65.18597602844238
vehicle,73.19055199623108
vehicle,80.4688811302185
vehicle,65.18360376358032
vehicle,73.23792576789856
vehicle,80.50863742828369
vehicle,38.55343461036682
vehicle,54.46401238441467
vehicle,66.25486612319946
vehicle,69.81715559959412
vehicle,79.2742669582367
vehicle,40.52651822566986
vehicle,54.373133182525635
vehicle,66.33803844451904
vehicle,69.85523104667664
vehicle,79.27039861679077
vehicle,55.38864731788635
vehicle,62.913721799850464
vehicle,65.01355171203613
vehicle,82.19115138053894
vehicle,75.28326511383057
vehicle,55.448758602142334
vehicle,62.93269395828247
vehicle,64.84720706939697
vehicle,82.36475586891174
vehicle,75.30769109725952
vehicle,55.69874048233032
vehicle,62.90442943572998
vehicle,64.82622623443604
vehicle,82.37879872322083
vehicle,75.29368996620178
vehicle,74.61140155792236
vehicle,59.02132987976074
vehicle,67.49247908592224
vehicle,76.66209936141968
vehicle,82.09671378135681
vehicle,74.79925751686096
vehicle,58.357471227645874
vehicle,67.33840107917786
vehicle,76.63930654525757
vehicle,82.3954164981842
vehicle,74.81244802474976
vehicle,57.945191860198975
vehicle,67.3292875289917
vehicle,76.78943276405334
vehicle,82.55714178085327
vehicle,48.370495438575745
vehicle,66.35475158691406
vehicle,64.06481266021729
vehicle,79.77576851844788
vehicle,63.940829038619995
vehicle,48.141396045684814
vehicle,65.95808863639832
vehicle,63.80435228347778
vehicle,79.7482967376709
vehicle,63.7088418006897
vehicle,45.54217457771301
vehicle,50.95047950744629
vehicle,60.39421558380127
vehicle,83.26107263565063
vehicle,45.844680070877075
vehicle,51.29801630973816
vehicle,60.603392124176025
vehicle,83.20017457008362
vehicle,45.84225118160248
vehicle,51.284098625183105
vehicle,60.520076751708984
vehicle,83.19041728973389
vehicle,52.86557674407959
vehicle,55.40255308151245
vehicle,41.51655733585358
vehicle,73.48591089248657
vehicle,81.32821321487427
vehicle,77.24769115447998
vehicle,50.28781294822693
vehicle,55.18014430999756
vehicle,40.67142903804779
vehicle,73.52349758148193
vehicle,81.65674805641174
vehicle,77.33569741249084
vehicle,50.20867586135864
vehicle,55.12486696243286
vehicle,40.115997195243835
vehicle,73.52185249328613
vehicle,81.64312243461609
vehicle,77.62198448181152
vehicle,55.54984211921692
vehicle,30.18677830696106
vehicle,84.06172394752502
vehicle,80.48005104064941
vehicle,76.01439356803894
vehicle,55.60615658760071
vehicle,31.61834180355072
vehicle,84.03534889221191
vehicle,80.44037818908691
vehicle,75.93569159507751
vehicle,50.8700966835022
vehicle,33.66408944129944
vehicle,51.67397856712341
vehicle,85.59625148773193
vehicle,73.02881479263306
vehicle,35.76195538043976
vehicle,51.04600787162781
vehicle,33.490097522735596
vehicle,48.87946546077728
vehicle,85.65943837165833
vehicle,72.93737530708313
vehicle,35.5311781167984
vehicle,51.339513063430786
vehicle,33.40585231781006
vehicle,50.543028116226196
vehicle,85.6307327747345
vehicle,72.91756272315979
vehicle,35.728004574775696
vehicle,50.82550048828125
vehicle,49.675118923187256
vehicle,88.64526152610779
vehicle,76.6489028930664
vehicle,60.46862602233887
vehicle,77.5387704372406
vehicle,51.15347504615784
vehicle,49.85349476337433
vehicle,88.62441778182983
vehicle,76.74023509025574
vehicle,65.1938796043396
vehicle,77.50511169433594
vehicle,51.37314796447754
vehicle,49.878302216529846
vehicle,88.63429427146912
vehicle,76.58038139343262
vehicle,65.01794457435608
vehicle,77.48711705207825
vehicle,50.71447491645813
vehicle,39.70091938972473
vehicle,87.82147765159607
vehicle,77.95203924179077
vehicle,66.44947528839111
vehicle,75.36371946334839
vehicle,50.54019093513489
vehicle,39.86842930316925
vehicle,87.81818747520447
vehicle,77.99676656723022
vehicle,66.36133790016174
vehicle,75.38484930992126
vehicle,36.32799685001373
vehicle,76.56187415122986
vehicle,32.66032338142395
vehicle,48.791635036468506
vehicle,78.59447002410889
vehicle,49.84714388847351
vehicle,76.63305401802063
vehicle,36.435121297836304
vehicle,77.29536890983582
vehicle,30.600282549858093
vehicle,48.415595293045044
vehicle,78.53711247444153
vehicle,30.38327991962433
vehicle,76.5647292137146
vehicle,36.434292793273926
vehicle,77.28843688964844
vehicle,30.341970920562744
vehicle,48.43229055404663
vehicle,78.56200337409973
vehicle,76.56290531158447
vehicle,47.17119038105011
vehicle,85.70751547813416
vehicle,42.47412085533142
vehicle,45.07380723953247
vehicle,79.43150401115417
vehicle,76.34771466255188
vehicle,47.04211354255676
vehicle,85.61121821403503
vehicle,42.54389405250549
vehicle,45.01357078552246
vehicle,79.4634461402893
vehicle,76.29823088645935
vehicle,47.1863329410553
vehicle,85.60159802436829
vehicle,42.580971121788025
vehicle,44.98118460178375
vehicle,79.48192954063416
vehicle,76.32524967193604
vehicle,45.11917531490326
vehicle,84.9921703338623
vehicle,48.687103390693665
vehicle,35.430002212524414
vehicle,80.47639727592468
vehicle,76.70506238937378
vehicle,44.99701261520386
vehicle,84.92498993873596
vehicle,48.615020513534546
vehicle,35.341617465019226
vehicle,80.39246797561646
vehicle,76.61401629447937
vehicle,55.05253076553345
vehicle,47.289544343948364
vehicle,81.32826089859009
vehicle,79.88089323043823
vehicle,71.65650725364685
vehicle,77.22212672233582
vehicle,55.10919690132141
vehicle,47.73094356060028
vehicle,81.37382864952087
vehicle,79.81074452400208
vehicle,71.81360721588135
vehicle,77.2276222705841
vehicle,55.11699318885803
vehicle,46.92854881286621
vehicle,81.3112199306488
vehicle,80.35058975219727
vehicle,71.87677025794983
vehicle,77.22426056861877
vehicle,53.903597593307495
vehicle,46.943506598472595
vehicle,72.61936068534851
vehicle,83.16123485565186
vehicle,71.23615145683289
vehicle,71.94904685020447
vehicle,80.36337494850159
vehicle,53.98567318916321
vehicle,46.88793122768402
vehicle,72.56184816360474
vehicle,83.18020105361938
vehicle,71.17922306060791
vehicle,71.68328166007996
vehicle,80.3737223148346
vehicle,53.93514633178711
vehicle,46.883440017700195
vehicle,72.55258560180664
vehicle,83.15817713737488
vehicle,71.22601866722107
vehicle,71.65877223014832
vehicle,80.36766052246094
vehicle,56.23666048049927
vehicle,47.92468249797821
vehicle,84.54881310462952
vehicle,53.49680185317993
vehicle,81.8090558052063
vehicle,76.9137978553772
vehicle,56.310611963272095
vehicle,47.93216586112976
vehicle,84.53751802444458
vehicle,53.28916907310486
vehicle,82.26585984230042
vehicle,76.99188590049744
vehicle,59.64539647102356
vehicle,43.42936873435974
vehicle,78.38169932365417
vehicle,30.84791898727417
vehicle,47.44330048561096
vehicle,60.0422739982605
vehicle,76.52211785316467
vehicle,59.82317328453064
vehicle,43.321675062179565
vehicle,78.20338606834412
vehicle,30.754217505455017
vehicle,49.00977909564972
vehicle,59.54158306121826
vehicle,76.56522989273071
vehicle,59.89567041397095
vehicle,43.34556758403778
vehicle,78.07455658912659
vehicle,30.77836036682129
vehicle,49.34600591659546
vehicle,59.63943004608154
vehicle,76.6672432422638
vehicle,65.79574942588806
vehicle,55.133235454559326
vehicle,41.50069057941437
vehicle,74.32577610015869
vehicle,32.249537110328674
vehicle,73.8518476486206
vehicle,65.77082872390747
vehicle,55.14691472053528
vehicle,41.549089550971985
vehicle,74.32005405426025
vehicle,32.27787911891937
vehicle,73.78027439117432
vehicle,65.83482027053833
vehicle,55.110859870910645
vehicle,41.49949252605438
vehicle,74.3217408657074
vehicle,32.26886689662933
vehicle,73.7701952457428
vehicle,60.700613260269165
vehicle,47.56503999233246
vehicle,33.1080824136734
vehicle,34.85410511493683
vehicle,51.23189091682434
vehicle,78.84944677352905
vehicle,74.35663938522339
vehicle,61.200106143951416
vehicle,47.89312779903412
vehicle,33.09673070907593
vehicle,31.92649483680725
vehicle,51.64576172828674
vehicle,78.52309346199036
vehicle,74.48034882545471
vehicle,43.9782589673996
vehicle,47.57854342460632
vehicle,74.07633066177368
vehicle,31.161588430404663
vehicle,85.70083379745483
vehicle,71.4500904083252
vehicle,43.677547574043274
vehicle,47.654712200164795
vehicle,74.96503591537476
vehicle,31.262925267219543
vehicle,85.79387068748474
vehicle,71.74747586250305
vehicle,43.54031980037689
vehicle,47.59439826011658
vehicle,74.91124272346497
vehicle,31.439512968063354
vehicle,85.84910035133362
vehicle,71.62665724754333
vehicle,52.44224667549133
vehicle,39.73107635974884
vehicle,46.97034955024719
vehicle,30.80221116542816
vehicle,82.58232474327087
vehicle,74.60874915122986
vehicle,69.47484612464905
vehicle,36.26095354557037
vehicle,64.52717185020447
vehicle,43.40115487575531
vehicle,52.485036849975586
vehicle,39.632174372673035
vehicle,47.34901785850525
vehicle,30.84975779056549
vehicle,82.51862525939941
vehicle,74.79371428489685
vehicle,69.51977014541626
vehicle,36.17691397666931
vehicle,67.83282160758972
vehicle,42.548781633377075
vehicle,52.48492956161499
vehicle,39.64519202709198
vehicle,47.33970761299133
vehicle,30.916109681129456
vehicle,82.35081434249878
vehicle,74.79116320610046
vehicle,69.41717267036438
vehicle,36.04579269886017
vehicle,67.6074206829071
vehicle,43.63664090633392
vehicle,49.23127591609955
vehicle,46.16526961326599
vehicle,57.248735427856445
vehicle,73.82162809371948
vehicle,66.92842245101929
vehicle,75.17541646957397
vehicle,49.26762282848358
vehicle,45.673030614852905
vehicle,56.079310178756714
vehicle,73.94304871559143
vehicle,67.39652156829834
vehicle,30.246296525001526
vehicle,76.60245299339294
vehicle,49.250370264053345
vehicle,45.68061828613281
vehicle,56.28606677055359
vehicle,73.93558025360107
vehicle,67.43396520614624
vehicle,76.56230330467224
vehicle,50.43895244598389
vehicle,44.64126527309418
vehicle,47.56799340248108
vehicle,59.1449499130249
vehicle,68.48576664924622
vehicle,31.280305981636047
vehicle,65.22963047027588
vehicle,50.54386854171753
vehicle,50.540053844451904
vehicle,44.42332983016968
vehicle,47.58822321891785
vehicle,58.11851620674133
vehicle,68.50829124450684
vehicle,31.270867586135864
vehicle,65.23345708847046
vehicle,49.20053780078888
vehicle,46.55628502368927
vehicle,46.097299456596375
vehicle,88.49008083343506
vehicle,68.4049129486084
vehicle,68.81657242774963
vehicle,46.54049277305603
vehicle,46.10460102558136
vehicle,88.48357200622559
vehicle,68.39476227760315
vehicle,68.78761053085327
vehicle,46.507495641708374
vehicle,46.10498249530792
vehicle,88.48602175712585
vehicle,68.37831735610962
vehicle,68.77197027206421
vehicle,52.221399545669556
vehicle,49.07727539539337
vehicle,76.48131847381592
vehicle,64.0206515789032
vehicle,73.12279343605042
vehicle,52.10548639297485
vehicle,49.144572019577026
vehicle,76.52502059936523
vehicle,64.07607197761536
vehicle,72.99371361732483
vehicle,52.041298151016235
vehicle,49.22668635845184
vehicle,76.51944756507874
vehicle,64.01828527450562
vehicle,72.90236353874207
vehicle,53.03739905357361
vehicle,49.6077299118042
vehicle,73.72347116470337
vehicle,63.63576650619507
vehicle,72.06456661224365
vehicle,52.423059940338135
vehicle,49.796366691589355
vehicle,75.17719268798828
vehicle,63.57882022857666
vehicle,73.35628867149353
vehicle,44.94114816188812
vehicle,49.67535734176636
vehicle,83.30366015434265
vehicle,63.3908212184906
vehicle,74.51477646827698
vehicle,65.94326496124268
vehicle,53.99307608604431
vehicle,49.62862730026245
vehicle,83.32167863845825
vehicle,63.413530588150024
vehicle,74.49599504470825
vehicle,65.95059037208557
vehicle,51.21842622756958
vehicle,49.65276122093201
vehicle,83.34225416183472
vehicle,63.56571316719055
vehicle,74.55291152000427
vehicle,65.90155959129333
vehicle,55.419790744781494
vehicle,44.26320493221283
vehicle,50.555628538131714
vehicle,49.34702813625336
vehicle,64.74454998970032
vehicle,72.96906113624573
vehicle,74.31686520576477
vehicle,44.24124360084534
vehicle,50.54894685745239
vehicle,49.397170543670654
vehicle,64.62858319282532
vehicle,72.81932830810547
vehicle,74.34614896774292
vehicle,43.98384988307953
vehicle,50.503891706466675
vehicle,49.35111999511719
vehicle,64.53893184661865
vehicle,72.83424735069275
vehicle,74.37329888343811
vehicle,51.71383023262024
vehicle,51.31499767303467
vehicle,79.64749932289124
vehicle,68.42010021209717
vehicle,70.56432366371155
vehicle,71.36290669441223
vehicle,51.799213886260986
vehicle,51.30281448364258
vehicle,79.63422536849976
vehicle,68.45728754997253
vehicle,70.53101658821106
vehicle,71.25223875045776
vehicle,53.92752289772034
vehicle,51.038551330566406
vehicle,77.80036926269531
vehicle,57.629287242889404
vehicle,71.94392085075378
vehicle,73.7916886806488
vehicle,53.92192006111145
vehicle,51.099878549575806
vehicle,77.79952883720398
vehicle,57.7204167842865
vehicle,71.92839980125427
vehicle,73.816978931427
vehicle,53.91400456428528
vehicle,51.08311176300049
vehicle,77.8071403503418
vehicle,57.733845710754395
vehicle,71.93598747253418
vehicle,73.83002042770386
vehicle,52.63785123825073
vehicle,32.188740372657776
vehicle,52.335476875305176
vehicle,78.89370918273926
vehicle,74.02539849281311
vehicle,48.37575852870941
vehicle,68.3960497379303
vehicle,73.60438704490662
vehicle,74.84874129295349
vehicle,52.66621708869934
vehicle,32.32335448265076
vehicle,52.44327783584595
vehicle,78.85149121284485
vehicle,73.8608717918396
vehicle,47.7156400680542
vehicle,68.37676763534546
vehicle,73.63501191139221
vehicle,75.30853748321533
vehicle,52.669358253479004
vehicle,32.07969665527344
vehicle,52.36747860908508
vehicle,78.84921431541443
vehicle,73.96695017814636
vehicle,48.411720991134644
vehicle,68.36603283882141
vehicle,73.84797930717468
vehicle,75.26328563690186
vehicle,52.063149213790894
vehicle,52.276962995529175
vehicle,79.57834601402283
vehicle,77.24720239639282
vehicle,75.59614777565002
vehicle,61.628615856170654
vehicle,78.78774404525757
vehicle,52.102333307266235
vehicle,52.32474207878113
vehicle,79.44501042366028
vehicle,77.07840204238892
vehicle,75.55167078971863
vehicle,56.32961988449097
vehicle,78.76788973808289
vehicle,47.35186696052551
vehicle,44.1623330116272
vehicle,88.31225037574768
vehicle,71.6993510723114
vehicle,61.05964779853821
vehicle,75.16877055168152
vehicle,61.29870414733887
vehicle,47.34369218349457
vehicle,43.32539737224579
vehicle,88.141268491745
vehicle,71.54109477996826
vehicle,61.060577630996704
vehicle,75.08540749549866
vehicle,61.66185736656189
vehicle,47.35837280750275
vehicle,42.49225854873657
vehicle,88.13356161117554
vehicle,71.4977502822876
vehicle,61.05979084968567
vehicle,75.12312531471252
vehicle,62.00164556503296
vehicle,55.42360544204712
vehicle,36.79719865322113
vehicle,84.142404794693
vehicle,67.03330874443054
vehicle,73.6766517162323
vehicle,50.10198354721069
vehicle,55.54269552230835
vehicle,34.24240052700043
vehicle,84.12882089614868
vehicle,67.16945767402649
vehicle,73.59039783477783
vehicle,46.95570766925812
vehicle,55.53574562072754
vehicle,33.73153209686279
vehicle,84.12889838218689
vehicle,67.1709418296814
vehicle,73.60211610794067
vehicle,47.04754948616028
vehicle,61.589401960372925
vehicle,51.846617460250854
vehicle,79.94749546051025
vehicle,58.21366310119629
vehicle,53.79604697227478
vehicle,73.27011227607727
vehicle,74.69968795776367
vehicle,32.35801160335541
vehicle,61.55505180358887
vehicle,52.29958891868591
vehicle,79.94588017463684
vehicle,58.088523149490356
vehicle,53.62746715545654
vehicle,73.07227849960327
vehicle,74.76516366004944
vehicle,34.882450103759766
vehicle,57.24918842315674
vehicle,83.03979635238647
vehicle,72.09711074829102
vehicle,43.6773419380188
vehicle,60.00463366508484
vehicle,75.08847713470459
vehicle,65.5060887336731
vehicle,57.21448063850403
vehicle,83.30162763595581
vehicle,72.26599454879761
vehicle,43.45320463180542
vehicle,60.16659140586853
vehicle,74.88082647323608
vehicle,65.88472723960876
vehicle,57.215720415115356
vehicle,83.32448601722717
vehicle,72.24621772766113
vehicle,43.45387816429138
vehicle,60.19369959831238
vehicle,74.67836141586304
vehicle,66.27095341682434
vehicle,57.33146071434021
vehicle,79.1387677192688
vehicle,66.45216345787048
vehicle,66.97595119476318
vehicle,75.55239796638489
vehicle,72.70272970199585
vehicle,58.05427432060242
vehicle,79.17420268058777
vehicle,66.48281216621399
vehicle,66.8090283870697
vehicle,75.37894248962402
vehicle,73.55746626853943
vehicle,58.08241367340088
vehicle,79.1780948638916
vehicle,66.48287177085876
vehicle,66.79810881614685
vehicle,75.37846565246582
vehicle,73.51062297821045
vehicle,58.97808074951172
vehicle,36.49715483188629
vehicle,54.84822392463684
vehicle,77.2320806980133
vehicle,39.295727014541626
vehicle,56.33542537689209
vehicle,32.294443249702454
vehicle,76.58398151397705
vehicle,79.81983423233032
vehicle,58.95351767539978
vehicle,36.11299395561218
vehicle,55.043089389801025
vehicle,77.04244256019592
vehicle,43.7239944934845
vehicle,56.796109676361084
vehicle,32.98199772834778
vehicle,76.50429010391235
vehicle,79.71711158752441
vehicle,62.173497676849365
vehicle,53.39689254760742
vehicle,52.56081819534302
vehicle,34.42491590976715
vehicle,58.51946473121643
vehicle,68.69804263114929
vehicle,73.53846430778503
vehicle,70.37973999977112
vehicle,62.14447021484375
vehicle,53.341007232666016
vehicle,52.30996608734131
vehicle,35.160085558891296
vehicle,58.532142639160156
vehicle,68.63445043563843
vehicle,73.57981204986572
vehicle,70.80286145210266
vehicle,62.10287809371948
vehicle,53.27848792076111
vehicle,52.17273831367493
vehicle,35.19437909126282
vehicle,58.524876832962036
vehicle,68.71287226676941
vehicle,73.54674339294434
vehicle,71.07045650482178
vehicle,64.14594650268555
vehicle,56.30101561546326
vehicle,78.6791443824768
vehicle,72.3042368888855
vehicle,66.76507592201233
vehicle,35.05091369152069
vehicle,41.52348041534424
vehicle,71.86638712882996
vehicle,73.59839081764221
vehicle,64.05280232429504
vehicle,56.238824129104614
vehicle,78.78313064575195
vehicle,72.29031324386597
vehicle,66.71419143676758
vehicle,35.04800498485565
vehicle,39.86278474330902
vehicle,72.07760810852051
vehicle,73.45505356788635
vehicle,64.09205794334412
vehicle,56.285035610198975
vehicle,78.83490324020386
vehicle,72.2862184047699
vehicle,66.11537337303162
vehicle,34.95273292064667
vehicle,40.220966935157776
vehicle,72.0329225063324
vehicle,73.2805609703064
vehicle,62.203389406204224
vehicle,54.498326778411865
vehicle,86.54229044914246
vehicle,66.44968390464783
vehicle,73.53309988975525
vehicle,45.61290442943573
vehicle,37.87924945354462
vehicle,62.258321046829224
vehicle,54.677385091781616
vehicle,86.64854764938354
vehicle,66.24454855918884
vehicle,73.42267632484436
vehicle,46.81078791618347
vehicle,37.22833693027496
vehicle,63.7242317199707
vehicle,40.43925106525421
vehicle,53.226304054260254
vehicle,31.066402792930603
vehicle,81.99926614761353
vehicle,69.30391192436218
vehicle,65.83529710769653
vehicle,73.99342656135559
vehicle,54.78876233100891
vehicle,63.700664043426514
vehicle,40.66360294818878
vehicle,53.213077783584595
vehicle,31.074035167694092
vehicle,82.06194639205933
vehicle,69.08883452415466
vehicle,65.5836820602417
vehicle,73.95453453063965
vehicle,53.89372706413269
vehicle,63.712745904922485
vehicle,40.68824350833893
vehicle,53.22032570838928
vehicle,31.107297539711
vehicle,82.10591673851013
vehicle,69.24381256103516
vehicle,65.46791195869446
vehicle,73.80313873291016
vehicle,55.068546533584595
vehicle,61.81802749633789
vehicle,57.44986534118652
vehicle,53.899747133255005
vehicle,72.11445569992065
vehicle,79.82116937637329
vehicle,71.07089757919312
vehicle,76.32654309272766
vehicle,78.6241352558136
vehicle,61.8257999420166
vehicle,57.35101103782654
vehicle,53.936201333999634
vehicle,71.82302474975586
vehicle,79.81943488121033
vehicle,71.42068147659302
vehicle,76.18439793586731
vehicle,78.74025702476501
vehicle,61.805230379104614
vehicle,57.35446214675903
vehicle,53.861016035079956
vehicle,71.92697525024414
vehicle,79.81631755828857
vehicle,71.30167484283447
vehicle,76.2241005897522
vehicle,79.10999059677124
vehicle,63.483381271362305
vehicle,62.39436864852905
vehicle,40.42982459068298
vehicle,67.89183616638184
vehicle,76.56770348548889
vehicle,89.48255181312561
vehicle,67.19185709953308
vehicle,63.4685754776001
vehicle,39.93356227874756
vehicle,62.429606914520264
vehicle,67.90047883987427
vehicle,76.70758962631226
vehicle,89.6246612071991
vehicle,68.80237460136414
vehicle,58.80318284034729
vehicle,60.566627979278564
vehicle,62.27498650550842
vehicle,56.813591718673706
vehicle,73.5333800315857
vehicle,79.86645698547363
vehicle,64.45921063423157
vehicle,58.39738845825195
vehicle,60.72809100151062
vehicle,62.237679958343506
vehicle,54.258424043655396
vehicle,73.88221025466919
vehicle,78.96061539649963
vehicle,64.81481790542603
vehicle,58.461159467697144
vehicle,60.80634593963623
vehicle,62.46972680091858
vehicle,54.56399321556091
vehicle,73.8150954246521
vehicle,79.89184856414795
vehicle,64.83963131904602
vehicle,51.82286500930786
vehicle,61.65590286254883
vehicle,38.74804973602295
vehicle,49.05100762844086
vehicle,59.949588775634766
vehicle,70.83543539047241
vehicle,85.66994667053223
vehicle,51.860010623931885
vehicle,61.72339916229248
vehicle,38.76431584358215
vehicle,49.06543791294098
vehicle,59.90855097770691
vehicle,70.98262906074524
vehicle,85.67209839820862
vehicle,51.90732479095459
vehicle,61.72216534614563
vehicle,38.77052664756775
vehicle,49.06732738018036
vehicle,59.85682010650635
vehicle,71.13054394721985
vehicle,85.64448356628418
vehicle,37.879812717437744
vehicle,43.66788864135742
vehicle,57.77201056480408
vehicle,37.464526295661926
vehicle,50.773513317108154
vehicle,56.195443868637085
vehicle,61.12779378890991
vehicle,70.12964487075806
vehicle,90.01064896583557
vehicle,36.36696636676788
vehicle,43.610432744026184
vehicle,57.665008306503296
vehicle,37.49260902404785
vehicle,50.82361698150635
vehicle,55.93765377998352
vehicle,61.030542850494385
vehicle,69.73533034324646
vehicle,90.09204506874084
vehicle,54.63801622390747
vehicle,60.01412868499756
vehicle,52.51421928405762
vehicle,46.48721218109131
vehicle,50.58707594871521
vehicle,70.24034261703491
vehicle,64.26669359207153
vehicle,54.583799839019775
vehicle,60.03989577293396
vehicle,52.914249897003174
vehicle,50.35058856010437
vehicle,70.22267580032349
vehicle,58.06015133857727
vehicle,46.55393362045288
vehicle,54.577696323394775
vehicle,60.00168323516846
vehicle,52.72855758666992
vehicle,46.43140435218811
vehicle,51.257240772247314
vehicle,70.36566138267517
vehicle,59.180521965026855
vehicle,63.53031396865845
vehicle,54.310399293899536
vehicle,40.69764316082001
vehicle,60.472553968429565
vehicle,38.03606033325195
vehicle,67.85610318183899
vehicle,89.72015976905823
vehicle,62.5677227973938
vehicle,63.66516947746277
vehicle,54.55976724624634
vehicle,40.430593490600586
vehicle,60.52318215370178
vehicle,37.87251114845276
vehicle,67.96677708625793
vehicle,89.75532054901123
vehicle,62.902241945266724
vehicle,63.67715001106262
vehicle,54.53721284866333
vehicle,40.419769287109375
vehicle,60.550469160079956
vehicle,38.579124212265015
vehicle,67.88896918296814
vehicle,89.75026607513428
vehicle,62.980204820632935
vehicle,49.26702380180359
vehicle,53.45944166183472
vehicle,67.59740114212036
vehicle,45.675867795944214
vehicle,65.31551480293274
vehicle,54.652971029281616
vehicle,67.74259209632874
vehicle,48.91943335533142
vehicle,49.17020499706268
vehicle,53.433847427368164
vehicle,67.38467812538147
vehicle,45.55835425853729
vehicle,65.3626561164856
vehicle,54.43292260169983
vehicle,67.8401231765747
vehicle,47.003111243247986
vehicle,58.25839638710022
vehicle,62.6049280166626
vehicle,52.39903926849365
vehicle,47.11754620075226
vehicle,56.574827432632446
vehicle,73.71724843978882
vehicle,84.4639003276825
vehicle,38.334399461746216
vehicle,58.28834772109985
vehicle,62.490540742874146
vehicle,52.35856771469116
vehicle,47.14789092540741
vehicle,56.57573342323303
vehicle,73.58747720718384
vehicle,85.5836808681488
vehicle,39.562129974365234
vehicle,58.235907554626465
vehicle,62.734049558639526
vehicle,52.398109436035156
vehicle,47.12634980678558
vehicle,56.990933418273926
vehicle,73.66604208946228
vehicle,84.82075333595276
vehicle,38.602885603904724
vehicle,57.641565799713135
vehicle,62.74375319480896
vehicle,49.99103844165802
vehicle,50.276827812194824
vehicle,74.09652471542358
vehicle,92.35970973968506
vehicle,56.203389167785645
vehicle,57.62796998023987
vehicle,62.67349720001221
vehicle,49.99834597110748
vehicle,49.949318170547485
vehicle,74.33092594146729
vehicle,92.44697093963623
vehicle,56.10718131065369
vehicle,57.62521028518677
vehicle,62.849897146224976
vehicle,49.98851418495178
vehicle,49.93760585784912
vehicle,74.28573966026306
vehicle,92.43581295013428
vehicle,56.192606687545776
vehicle,64.89511132240295
vehicle,66.93360209465027
vehicle,44.35372352600098
vehicle,52.72461175918579
vehicle,70.25761008262634
vehicle,89.74900245666504
vehicle,72.77908325195312
vehicle,64.84612226486206
vehicle,67.13191866874695
vehicle,44.077739119529724
vehicle,52.16663479804993
vehicle,70.26025056838989
vehicle,89.79271650314331
vehicle,72.76171445846558
vehicle,46.71689569950104
vehicle,58.24759602546692
vehicle,67.50105023384094
vehicle,41.56990349292755
vehicle,52.7579665184021
vehicle,74.51281547546387
vehicle,75.56031346321106
vehicle,77.62919068336487
vehicle,46.53194844722748
vehicle,58.12007188796997
vehicle,67.39939451217651
vehicle,40.29746949672699
vehicle,52.70148515701294
vehicle,74.56180453300476
vehicle,75.58162212371826
vehicle,77.62988209724426
vehicle,47.21827805042267
vehicle,58.19961428642273
vehicle,67.41178035736084
vehicle,42.037174105644226
vehicle,52.7099609375
vehicle,74.55719709396362
vehicle,75.64801573753357
vehicle,77.67210006713867
vehicle,52.68172025680542
vehicle,61.230820417404175
vehicle,60.81743240356445
vehicle,50.042736530303955
vehicle,76.75724029541016
vehicle,86.59295439720154
vehicle,79.33124303817749
vehicle,52.62555480003357
vehicle,61.471402645111084
vehicle,60.9776496887207
vehicle,50.198525190353394
vehicle,76.82748436927795
vehicle,86.38550043106079
vehicle,79.344242811203
vehicle,52.97569036483765
vehicle,61.44667863845825
vehicle,60.88014841079712
vehicle,50.109946727752686
vehicle,76.83396935462952
vehicle,86.41263246536255
vehicle,79.34332489967346
vehicle,38.426682353019714
vehicle,66.7262077331543
vehicle,59.58377718925476
vehicle,40.11402726173401
vehicle,53.65656614303589
vehicle,54.39218878746033
vehicle,74.84946846961975
vehicle,75.98486542701721
vehicle,37.99643516540527
vehicle,66.59070253372192
vehicle,59.25886034965515
vehicle,41.308775544166565
vehicle,53.7020742893219
vehicle,55.908989906311035
vehicle,75.28514266014099
vehicle,75.84204077720642
vehicle,53.50000262260437
vehicle,47.49076068401337
vehicle,50.4294753074646
vehicle,53.59166860580444
vehicle,49.83319342136383
vehicle,42.00162589550018
vehicle,74.98249411582947
vehicle,33.27827453613281
vehicle,74.19996857643127
vehicle,53.499019145965576
vehicle,47.48358428478241
vehicle,50.47562122344971
vehicle,52.64241695404053
vehicle,49.68023896217346
vehicle,41.98860824108124
vehicle,74.98512268066406
vehicle,33.35471749305725
vehicle,74.18268322944641
vehicle,53.59881520271301
vehicle,47.65635132789612
vehicle,50.43528079986572
vehicle,54.03503179550171
vehicle,49.901559948921204
vehicle,41.40993356704712
vehicle,74.8217761516571
vehicle,33.17790329456329
vehicle,74.17454123497009
vehicle,52.7524471282959
vehicle,58.28298330307007
vehicle,44.88819241523743
vehicle,58.83947014808655
vehicle,76.78295969963074
vehicle,50.39483904838562
vehicle,74.09349083900452
vehicle,69.66705918312073
vehicle,52.735137939453125
vehicle,58.38887095451355
vehicle,44.96637284755707
vehicle,58.7493896484375
vehicle,76.72016024589539
vehicle,50.4377007484436
vehicle,74.38876032829285
vehicle,69.66211795806885
vehicle,52.77031064033508
vehicle,58.329856395721436
vehicle,44.62783336639404
vehicle,58.776503801345825
vehicle,76.71798467636108
vehicle,50.2834677696228
vehicle,74.38051700592041
vehicle,69.74791884422302
vehicle,50.567859411239624
vehicle,40.1837944984436
vehicle,44.24590468406677
vehicle,47.83081114292145
vehicle,63.096195459365845
vehicle,57.721978425979614
vehicle,54.91002798080444
vehicle,74.36625957489014
vehicle,33.12111496925354
vehicle,44.56286430358887
vehicle,40.194809436798096
vehicle,44.10874545574188
vehicle,47.68725335597992
vehicle,63.12522292137146
vehicle,61.22995615005493
vehicle,54.842883348464966
vehicle,74.22704100608826
vehicle,30.578899383544922
vehicle,35.28945744037628
vehicle,45.37564516067505
vehicle,38.08948993682861
vehicle,54.24090027809143
vehicle,42.47719347476959
vehicle,34.861257672309875
vehicle,71.65998220443726
vehicle,35.22763550281525
vehicle,45.2251136302948
vehicle,38.01000416278839
vehicle,54.21070456504822
vehicle,42.77394115924835
vehicle,34.685543179512024
vehicle,71.61933183670044
vehicle,35.24898290634155
vehicle,44.94774639606476
vehicle,38.007885217666626
vehicle,54.19067740440369
vehicle,42.94550120830536
vehicle,34.9784791469574
vehicle,71.54507040977478
vehicle,41.467466950416565
vehicle,33.71497690677643
vehicle,44.4390594959259
vehicle,50.635236501693726
vehicle,62.188392877578735
vehicle,31.17850422859192
vehicle,44.85288858413696
vehicle,30.12029230594635
vehicle,74.58634972572327
vehicle,68.9071536064148
vehicle,41.749852895736694
vehicle,33.626291155815125
vehicle,44.31580901145935
vehicle,49.223724007606506
vehicle,62.21064329147339
vehicle,34.47073698043823
vehicle,44.288983941078186
vehicle,30.25083839893341
vehicle,74.72171783447266
vehicle,68.87628436088562
vehicle,41.77538752555847
vehicle,33.633461594581604
vehicle,44.349512457847595
vehicle,49.27974343299866
vehicle,62.20986247062683
vehicle,34.434014558792114
vehicle,43.93089711666107
vehicle,30.229219794273376
vehicle,74.7274100780487
vehicle,69.03204321861267
vehicle,36.92202568054199
vehicle,46.943309903144836
vehicle,59.638386964797974
vehicle,55.650514364242554
vehicle,65.53317308425903
vehicle,44.79496777057648
vehicle,30.16611933708191
vehicle,41.262081265449524
vehicle,57.22289681434631
vehicle,68.2524025440216
vehicle,32.92943239212036
vehicle,36.68168783187866
vehicle,47.58613705635071
vehicle,59.580010175704956
vehicle,56.20783567428589
vehicle,64.64269757270813
vehicle,30.915892124176025
vehicle,43.98579299449921
vehicle,30.118823051452637
vehicle,40.92765152454376
vehicle,56.130748987197876
vehicle,68.34679841995239
vehicle,63.79227042198181
vehicle,65.53958058357239
vehicle,50.02197027206421
vehicle,43.82732808589935
vehicle,76.16434693336487
vehicle,32.86052048206329
vehicle,30.181393027305603
vehicle,62.62848973274231
vehicle,70.68241238594055
vehicle,63.91603350639343
vehicle,65.54736495018005
vehicle,50.98276734352112
vehicle,43.84295642375946
vehicle,75.86218118667603
vehicle,32.90430009365082
vehicle,30.175384879112244
vehicle,62.63282895088196
vehicle,70.53639888763428
vehicle,63.84274363517761
vehicle,65.54121375083923
vehicle,50.02378225326538
vehicle,43.91361474990845
vehicle,75.93807578086853
vehicle,32.903704047203064
vehicle,30.2447110414505
vehicle,62.6595139503479
vehicle,70.68111300468445
vehicle,64.4079327583313
vehicle,66.46087765693665
vehicle,48.858630657196045
vehicle,43.97779703140259
vehicle,32.074734568595886
vehicle,74.2583692073822
vehicle,64.41970467567444
vehicle,66.45603775978088
vehicle,49.27622079849243
vehicle,44.013431668281555
vehicle,31.63025677204132
vehicle,74.18532967567444
vehicle,64.40719962120056
vehicle,66.46901965141296
vehicle,49.4528204202652
vehicle,44.04614269733429
vehicle,31.849926710128784
vehicle,74.41065311431885
vehicle,62.66438961029053
vehicle,60.41993498802185
vehicle,40.56248366832733
vehicle,38.35047483444214
vehicle,32.187461853027344
vehicle,75.72839856147766
vehicle,62.61168122291565
vehicle,60.31606197357178
vehicle,40.80369770526886
vehicle,38.36934268474579
vehicle,32.43667185306549
vehicle,75.44354200363159
vehicle,65.20408987998962
vehicle,69.804847240448
vehicle,50.55133104324341
vehicle,58.690810203552246
vehicle,63.36328387260437
vehicle,34.23183858394623
vehicle,30.376899242401123
vehicle,71.71386480331421
vehicle,65.25967121124268
vehicle,69.80594396591187
vehicle,50.67641735076904
vehicle,58.661580085754395
vehicle,61.48214340209961
vehicle,34.65542197227478
vehicle,30.42207956314087
vehicle,72.30086326599121
vehicle,65.19963145256042
vehicle,69.86287236213684
vehicle,50.556087493896484
vehicle,58.69225263595581
vehicle,60.80284118652344
vehicle,34.66368317604065
vehicle,30.489581823349
vehicle,72.49858975410461
vehicle,68.18212866783142
vehicle,62.49728202819824
vehicle,61.09119653701782
vehicle,63.127654790878296
vehicle,48.36651384830475
vehicle,57.052403688430786
vehicle,36.034756898880005
vehicle,71.8779444694519
vehicle,68.31889748573303
vehicle,62.43605613708496
vehicle,60.82203388214111
vehicle,62.955254316329956
vehicle,49.693092703819275
vehicle,57.71471858024597
vehicle,36.098119616508484
vehicle,71.64084315299988
vehicle,68.34731698036194
vehicle,62.66379356384277
vehicle,60.98228693008423
vehicle,62.97339200973511
vehicle,50.412964820861816
vehicle,57.74027109146118
vehicle,36.13138496875763
vehicle,71.45742774009705
vehicle,68.62167716026306
vehicle,61.61099672317505
vehicle,64.57892656326294
vehicle,65.62204360961914
vehicle,32.10573494434357
vehicle,79.10177111625671
vehicle,61.94586157798767
vehicle,32.47862458229065
vehicle,66.43673181533813
vehicle,79.804927110672
vehicle,68.74650716781616
vehicle,61.8404746055603
vehicle,64.65118527412415
vehicle,65.71082472801208
vehicle,32.71051347255707
vehicle,79.03099060058594
vehicle,61.45424246788025
vehicle,32.66894221305847
vehicle,79.83335852622986
vehicle,64.26481008529663
vehicle,53.01189422607422
vehicle,59.01343822479248
vehicle,45.0944721698761
vehicle,31.231924891471863
vehicle,80.489981174469
vehicle,33.412960171699524
vehicle,32.38513767719269
vehicle,31.865841150283813
vehicle,64.5024836063385
vehicle,79.65020537376404
vehicle,69.56704258918762
vehicle,65.03549814224243
vehicle,52.985167503356934
vehicle,59.00868773460388
vehicle,45.0577437877655
vehicle,80.41083812713623
vehicle,33.35639834403992
vehicle,33.96540284156799
vehicle,32.263413071632385
vehicle,65.0118887424469
vehicle,79.64220643043518
vehicle,69.42001581192017
vehicle,64.65827822685242
vehicle,53.057730197906494
vehicle,58.92667770385742
vehicle,45.096126198768616
vehicle,80.40429949760437
vehicle,33.422598242759705
vehicle,32.3856920003891
vehicle,32.29203820228577
vehicle,64.92475271224976
vehicle,79.58714962005615
vehicle,69.5294439792633
vehicle,58.965879678726196
vehicle,52.21121311187744
vehicle,60.58738827705383
vehicle,39.35902714729309
vehicle,49.1991251707077
vehicle,68.11021566390991
vehicle,32.05314576625824
vehicle,33.25149118900299
vehicle,66.90796613693237
vehicle,79.43162322044373
vehicle,58.79104733467102
vehicle,52.32763886451721
vehicle,60.55346727371216
vehicle,39.36000168323517
vehicle,49.3734210729599
vehicle,68.21313500404358
vehicle,32.04568028450012
vehicle,33.14655125141144
vehicle,67.01202392578125
vehicle,79.36162948608398
vehicle,59.20695662498474
vehicle,52.313923835754395
vehicle,60.79956889152527
vehicle,39.4093781709671
vehicle,49.5568573474884
vehicle,68.24913024902344
vehicle,31.815633177757263
vehicle,33.504292368888855
vehicle,67.49130487442017
vehicle,79.29905652999878
vehicle,47.40045964717865
vehicle,47.08031117916107
vehicle,65.68707227706909
vehicle,77.92357206344604
vehicle,61.08756065368652
vehicle,31.69737458229065
vehicle,32.70260989665985
vehicle,72.10068106651306
vehicle,80.87178468704224
vehicle,76.1491060256958
vehicle,47.270819544792175
vehicle,47.115057706832886
vehicle,65.67850708961487
vehicle,77.938711643219
vehicle,61.219364404678345
vehicle,31.631246209144592
vehicle,32.5060248374939
vehicle,71.85811996459961
vehicle,80.89306950569153
vehicle,76.17640495300293
vehicle,62.42954730987549
vehicle,40.9080445766449
vehicle,69.59498524665833
vehicle,88.60392570495605
vehicle,75.36070346832275
vehicle,31.595799326896667
vehicle,68.37571859359741
vehicle,79.7676682472229
vehicle,62.85671591758728
vehicle,40.85559844970703
vehicle,69.60217952728271
vehicle,88.90681266784668
vehicle,75.35026669502258
vehicle,31.44047260284424
vehicle,68.38153600692749
vehicle,79.68664169311523
vehicle,62.574201822280884
vehicle,40.89062213897705
vehicle,69.59272027015686
vehicle,88.50641250610352
vehicle,75.3129780292511
vehicle,31.822600960731506
vehicle,68.36096048355103
vehicle,79.81454730033875
vehicle,61.62272095680237
vehicle,33.7803840637207
vehicle,70.49909830093384
vehicle,69.74673271179199
vehicle,81.16527199745178
vehicle,43.6196506023407
vehicle,31.495952606201172
vehicle,80.61745762825012
vehicle,60.45489311218262
vehicle,33.77976715564728
vehicle,70.59255242347717
vehicle,69.60252523422241
vehicle,81.06545209884644
vehicle,43.11105012893677
vehicle,31.422024965286255
vehicle,80.43068647384644
vehicle,60.503941774368286
vehicle,33.77455174922943
vehicle,70.59252858161926
vehicle,69.59681510925293
vehicle,81.06536269187927
vehicle,43.16050112247467
vehicle,31.41486942768097
vehicle,80.43268322944641
vehicle,57.78123736381531
vehicle,67.05130338668823
vehicle,58.42497944831848
vehicle,75.40577054023743
vehicle,31.09472692012787
vehicle,81.83518052101135
vehicle,80.50481677055359
vehicle,38.59013617038727
vehicle,57.11991786956787
vehicle,67.03322529792786
vehicle,64.1703188419342
vehicle,73.38874936103821
vehicle,30.32066822052002
vehicle,30.685821175575256
vehicle,82.79215693473816
vehicle,49.1713285446167
vehicle,80.66173195838928
vehicle,62.4855637550354
vehicle,59.061771631240845
vehicle,60.60613393783569
vehicle,36.38776242733002
vehicle,75.80951452255249
vehicle,79.4526994228363
vehicle,60.03028750419617
vehicle,62.391334772109985
vehicle,59.68883037567139
vehicle,60.47077178955078
vehicle,36.680832505226135
vehicle,75.7649838924408
vehicle,79.3652892112732
vehicle,60.05382537841797
vehicle,62.47469782829285
vehicle,58.97257924079895
vehicle,60.47706604003906
vehicle,36.59455478191376
vehicle,75.64173340797424
vehicle,78.94535660743713
vehicle,59.87749695777893
vehicle,62.506675720214844
vehicle,49.49438273906708
vehicle,35.909271240234375
vehicle,58.453911542892456
vehicle,36.70766055583954
vehicle,79.9548864364624
vehicle,62.47885823249817
vehicle,50.03538131713867
vehicle,35.73346138000488
vehicle,58.58912467956543
vehicle,36.29399538040161
vehicle,79.98481392860413
vehicle,62.48811483383179
vehicle,49.99266564846039
vehicle,35.82007586956024
vehicle,58.59693884849548
vehicle,36.547526717185974
vehicle,80.07199764251709
vehicle,39.3508642911911
vehicle,51.415032148361206
vehicle,57.42728114128113
vehicle,41.426098346710205
vehicle,37.61897683143616
vehicle,79.61918711662292
vehicle,69.60029602050781
vehicle,39.40896987915039
vehicle,51.73519253730774
vehicle,57.35965967178345
vehicle,46.14309072494507
vehicle,37.59171962738037
vehicle,79.86718416213989
vehicle,70.15827298164368
vehicle,48.586562275886536
vehicle,54.56891059875488
vehicle,36.49050295352936
vehicle,59.963178634643555
vehicle,55.10470271110535
vehicle,60.497844219207764
vehicle,68.67870092391968
vehicle,80.74668645858765
vehicle,49.369433522224426
vehicle,54.58170175552368
vehicle,36.47351264953613
vehicle,60.03994345664978
vehicle,55.09791374206543
vehicle,60.276275873184204
vehicle,68.90893578529358
vehicle,80.72620034217834
vehicle,49.86361563205719
vehicle,54.58965301513672
vehicle,36.47564351558685
vehicle,60.28558611869812
vehicle,53.67947220802307
vehicle,59.741681814193726
vehicle,68.06040406227112
vehicle,80.74448704719543
vehicle,49.11234378814697
vehicle,54.6932578086853
vehicle,40.05294144153595
vehicle,32.24479556083679
vehicle,65.14825820922852
vehicle,86.6134762763977
vehicle,82.07383155822754
vehicle,49.08039569854736
vehicle,54.6927809715271
vehicle,40.05376994609833
vehicle,32.50073492527008
vehicle,64.01376724243164
vehicle,86.68766617774963
vehicle,82.08473920822144
vehicle,49.38712418079376
vehicle,54.609960317611694
vehicle,40.050098299980164
vehicle,32.415929436683655
vehicle,64.07448649406433
vehicle,86.54165863990784
vehicle,82.07538723945618
vehicle,38.98559808731079
vehicle,49.408093094825745
vehicle,46.191200613975525
vehicle,53.44151258468628
vehicle,57.76389837265015
vehicle,81.67840838432312
vehicle,33.328983187675476
vehicle,39.002954959869385
vehicle,49.403971433639526
vehicle,46.03087902069092
vehicle,53.396838903427124
vehicle,57.531654834747314
vehicle,81.55869245529175
vehicle,32.96135365962982
vehicle,34.08861756324768
vehicle,39.715078473091125
vehicle,50.08394718170166
vehicle,57.47350454330444
vehicle,34.15420651435852
vehicle,85.62191128730774
vehicle,81.72619938850403
vehicle,57.113683223724365
vehicle,34.52275991439819
vehicle,39.27731513977051
vehicle,49.99306499958038
vehicle,57.47983455657959
vehicle,34.392157196998596
vehicle,85.71292161941528
vehicle,82.1077287197113
vehicle,57.08146095275879
vehicle,34.45925414562225
vehicle,39.77184593677521
vehicle,50.02160668373108
vehicle,57.473593950271606
vehicle,33.011412620544434
vehicle,85.7222855091095
vehicle,81.97317719459534
vehicle,57.65485167503357
vehicle,47.096747159957886
vehicle,54.62852120399475
vehicle,53.00456881523132
vehicle,36.50652766227722
vehicle,88.1635308265686
vehicle,81.66952133178711
vehicle,47.18271791934967
vehicle,54.57264184951782
vehicle,53.17997932434082
vehicle,34.59140658378601
vehicle,88.26373815536499
vehicle,81.66207075119019
vehicle,47.163549065589905
vehicle,54.57402467727661
vehicle,53.18799614906311
vehicle,34.616273641586304
vehicle,88.26475143432617
vehicle,81.66394829750061
vehicle,50.29820799827576
vehicle,53.429579734802246
vehicle,50.20194053649902
vehicle,52.405232191085815
vehicle,87.58527040481567
vehicle,83.28143358230591
vehicle,50.117290019989014
vehicle,50.11796951293945
vehicle,53.54437232017517
vehicle,51.9952118396759
vehicle,87.66873478889465
vehicle,83.30673575401306
vehicle,62.47220039367676
vehicle,47.85799980163574
vehicle,54.68480587005615
vehicle,82.98345804214478
vehicle,31.36739432811737
vehicle,83.66219997406006
vehicle,79.26327586174011
vehicle,62.69316077232361
vehicle,46.611419320106506
vehicle,54.74355220794678
vehicle,83.09895396232605
vehicle,31.615591049194336
vehicle,83.52782130241394
vehicle,79.26920056343079
vehicle,62.417447566986084
vehicle,46.56884968280792
vehicle,54.80536222457886
vehicle,83.4187388420105
vehicle,31.2782883644104
vehicle,83.52910876274109
vehicle,79.2832612991333
vehicle,71.17435336112976
vehicle,54.31477427482605
vehicle,56.40553832054138
vehicle,57.149553298950195
vehicle,30.067110061645508
vehicle,82.67236948013306
vehicle,82.54945874214172
vehicle,71.16082310676575
vehicle,54.745328426361084
vehicle,55.71533441543579
vehicle,30.826088786125183
vehicle,56.69521689414978
vehicle,30.055108666419983
vehicle,82.40803480148315
vehicle,82.66680836677551
vehicle,71.14285826683044
vehicle,54.60929870605469
vehicle,55.64490556716919
vehicle,30.131742358207703
vehicle,56.728243827819824
vehicle,30.000177025794983
vehicle,82.38002061843872
vehicle,82.695871591568
vehicle,72.7072536945343
vehicle,52.317047119140625
vehicle,62.43881583213806
vehicle,57.19847083091736
vehicle,76.94950103759766
vehicle,81.98666572570801
vehicle,72.87538647651672
vehicle,52.643883228302
vehicle,62.40014433860779
vehicle,56.74896836280823
vehicle,76.69866681098938
vehicle,82.05889463424683
vehicle,61.83418035507202
vehicle,56.90310597419739
vehicle,57.99891948699951
vehicle,85.46963930130005
vehicle,32.643622159957886
vehicle,73.4980046749115
vehicle,82.58291482925415
vehicle,61.656033992767334
vehicle,57.01093673706055
vehicle,57.96408653259277
vehicle,85.37800312042236
vehicle,33.12298059463501
vehicle,73.6227035522461
vehicle,82.70007371902466
vehicle,61.4842414855957
vehicle,56.80481195449829
vehicle,57.94163942337036
vehicle,85.50170063972473
vehicle,32.68369436264038
vehicle,73.65415096282959
vehicle,82.68852829933167
vehicle,40.93673229217529
vehicle,56.79616332054138
vehicle,58.473968505859375
vehicle,59.32743549346924
vehicle,39.46848809719086
vehicle,72.64458537101746
vehicle,83.07970762252808
vehicle,56.78420066833496
vehicle,58.45984220504761
vehicle,59.834301471710205
vehicle,38.54982256889343
vehicle,72.19353318214417
vehicle,83.1048309803009
vehicle,56.7997932434082
vehicle,58.481454849243164
vehicle,59.0772807598114
vehicle,36.81915104389191
vehicle,72.29596972465515
vehicle,83.0768346786499
vehicle,38.596537709236145
vehicle,54.37689423561096
vehicle,60.82447171211243
vehicle,60.000091791152954
vehicle,75.62364339828491
vehicle,83.03182721138
vehicle,38.77413868904114
vehicle,54.46944236755371
vehicle,60.79488396644592
vehicle,59.9938690662384
vehicle,75.6563127040863
vehicle,83.00085663795471
vehicle,52.673691511154175
vehicle,52.600038051605225
vehicle,44.79043483734131
vehicle,79.28707599639893
vehicle,82.99374580383301
vehicle,52.706754207611084
vehicle,52.32371687889099
vehicle,44.25900876522064
vehicle,79.28552031517029
vehicle,82.98370838165283
vehicle,52.66088843345642
vehicle,52.477818727493286
vehicle,44.268447160720825
vehicle,79.2834222316742
vehicle,82.99680352210999
vehicle,43.049368262290955
vehicle,42.22135841846466
vehicle,54.822856187820435
vehicle,32.26668834686279
vehicle,45.71594297885895
vehicle,55.62422275543213
vehicle,76.53263807296753
vehicle,84.00068879127502
vehicle,42.615994811058044
vehicle,42.61461794376373
vehicle,54.776591062545776
vehicle,32.431480288505554
vehicle,45.62110900878906
vehicle,55.05481958389282
vehicle,76.23114585876465
vehicle,83.90666246414185
vehicle,42.732420563697815
vehicle,42.30975806713104
vehicle,54.68854904174805
vehicle,32.415276765823364
vehicle,45.60017287731171
vehicle,54.75348234176636
vehicle,76.37989521026611
vehicle,83.85556936264038
vehicle,40.83036780357361
vehicle,56.53671622276306
vehicle,52.38769054412842
vehicle,51.39874219894409
vehicle,76.9012451171875
vehicle,84.86793041229248
vehicle,41.15278422832489
vehicle,56.32880926132202
vehicle,52.44733691215515
vehicle,51.29297375679016
vehicle,76.69669389724731
vehicle,84.89359617233276
vehicle,56.42535090446472
vehicle,58.759450912475586
vehicle,48.85599613189697
vehicle,68.61844658851624
vehicle,75.17721652984619
vehicle,84.98026132583618
vehicle,56.49280548095703
vehicle,58.916664123535156
vehicle,48.066604137420654
vehicle,68.61953735351562
vehicle,75.42250156402588
vehicle,84.90060567855835
vehicle,56.523483991622925
vehicle,58.923155069351196
vehicle,48.040205240249634
vehicle,68.59647631645203
vehicle,75.72253942489624
vehicle,84.9031388759613
vehicle,53.35143208503723
vehicle,60.31845211982727
vehicle,38.064247369766235
vehicle,64.28381204605103
vehicle,73.97910952568054
vehicle,82.72072076797485
vehicle,53.615158796310425
vehicle,60.20991802215576
vehicle,38.01669180393219
vehicle,64.08533453941345
vehicle,73.78451228141785
vehicle,82.7336847782135
vehicle,53.64789962768555
vehicle,60.20832061767578
vehicle,37.967368960380554
vehicle,64.57807421684265
vehicle,73.87444376945496
vehicle,82.49524235725403
vehicle,37.15769350528717
vehicle,58.68560075759888
vehicle,36.32805347442627
vehicle,61.83379888534546
vehicle,82.97557234764099
vehicle,82.71933197975159
vehicle,36.72633171081543
vehicle,58.808910846710205
vehicle,36.32599413394928
vehicle,61.672013998031616
vehicle,82.86992907524109
vehicle,82.70772695541382
vehicle,37.910035252571106
vehicle,64.09130096435547
vehicle,33.43864679336548
vehicle,78.93827557563782
vehicle,80.20420670509338
vehicle,37.35278844833374
vehicle,64.11123871803284
vehicle,33.41985642910004
vehicle,79.01009321212769
vehicle,80.1767885684967
vehicle,37.18784153461456
vehicle,64.07833695411682
vehicle,33.43202769756317
vehicle,79.1333794593811
vehicle,80.15151023864746
vehicle,38.55158090591431
vehicle,66.54026508331299
vehicle,72.77178168296814
vehicle,77.63649821281433
vehicle,67.03463196754456
vehicle,38.7971967458725
vehicle,66.52758717536926
vehicle,72.78960943222046
vehicle,78.01194190979004
vehicle,66.99820756912231
vehicle,39.03980553150177
vehicle,66.52280688285828
vehicle,72.74554371833801
vehicle,77.89563536643982
vehicle,66.93992018699646
vehicle,33.32476615905762
vehicle,70.25607824325562
vehicle,47.72806763648987
vehicle,67.34504699707031
vehicle,79.78305220603943
vehicle,34.02462899684906
vehicle,70.33860087394714
vehicle,45.98497450351715
vehicle,79.73662614822388
vehicle,67.41601228713989
vehicle,47.636520862579346
vehicle,71.41767740249634
vehicle,66.02032780647278
vehicle,58.24058651924133
vehicle,74.82854723930359
vehicle,78.40914726257324
vehicle,48.06459844112396
vehicle,71.46093845367432
vehicle,65.90449213981628
vehicle,56.63567781448364
vehicle,74.59971904754639
vehicle,78.38884592056274
vehicle,47.67538011074066
vehicle,71.41492366790771
vehicle,66.059011220932
vehicle,58.51772427558899
vehicle,74.79752898216248
vehicle,78.41048240661621
vehicle,44.98521089553833
vehicle,58.15078616142273
vehicle,65.02740383148193
vehicle,64.93074297904968
vehicle,78.8918673992157
vehicle,44.7213739156723
vehicle,58.93710255622864
vehicle,65.02871513366699
vehicle,65.73516130447388
vehicle,79.17923331260681
vehicle,44.79418098926544
vehicle,58.87610912322998
vehicle,65.05078077316284
vehicle,65.83284735679626
vehicle,79.14944887161255
vehicle,38.56252133846283
vehicle,49.83778893947601
vehicle,74.93907809257507
vehicle,40.36457538604736
vehicle,76.44723653793335
vehicle,79.31524515151978
vehicle,34.402090311050415
vehicle,38.38217258453369
vehicle,49.82928931713104
vehicle,73.31715822219849
vehicle,38.77422511577606
vehicle,76.54868960380554
vehicle,79.35975193977356
vehicle,36.577874422073364
vehicle,36.01061701774597
vehicle,45.42199373245239
vehicle,90.28427600860596
vehicle,38.40644657611847
vehicle,79.81639504432678
vehicle,35.737958550453186
vehicle,45.47196328639984
vehicle,90.28618335723877
vehicle,36.073946952819824
vehicle,79.49538826942444
vehicle,36.45143508911133
vehicle,45.46725153923035
vehicle,90.27246832847595
vehicle,36.32238209247589
vehicle,79.42929863929749
vehicle,30.086666345596313
vehicle,38.0763053894043
vehicle,90.72529077529907
vehicle,79.92713451385498
vehicle,30.121734738349915
vehicle,38.10743689537048
vehicle,90.71331024169922
vehicle,79.9863874912262
vehicle,30.148273706436157
vehicle,38.09403479099274
vehicle,90.72171449661255
vehicle,79.99350428581238
vehicle,53.175872564315796
vehicle,34.73542928695679
vehicle,81.62639737129211
vehicle,53.17574739456177
vehicle,34.68879163265228
vehicle,81.695955991745
vehicle,47.75737822055817
vehicle,42.02415645122528
vehicle,37.272095680236816
vehicle,46.5290367603302
vehicle,63.914650678634644
vehicle,82.94531106948853
vehicle,47.64408469200134
vehicle,42.02314019203186
vehicle,38.26364278793335
vehicle,45.93363404273987
vehicle,64.09193873405457
vehicle,82.81360864639282
vehicle,47.64155447483063
vehicle,42.0060932636261
vehicle,35.70474982261658
vehicle,46.10678553581238
vehicle,64.14178609848022
vehicle,82.88087248802185
vehicle,31.234192848205566
vehicle,77.77568101882935
vehicle,57.33698606491089
vehicle,65.75616598129272
vehicle,55.406779050827026
vehicle,83.3189606666565
vehicle,31.24268352985382
vehicle,77.79110670089722
vehicle,57.266974449157715
vehicle,65.74435830116272
vehicle,55.52160143852234
vehicle,83.22309255599976
vehicle,31.16891086101532
vehicle,77.79335975646973
vehicle,57.26646184921265
vehicle,65.71037769317627
vehicle,54.89146709442139
vehicle,83.22361707687378
vehicle,30.987775325775146
vehicle,79.49930429458618
vehicle,65.47819972038269
vehicle,60.62730550765991
vehicle,83.0832302570343
vehicle,30.99093735218048
vehicle,79.48179841041565
vehicle,64.74747061729431
vehicle,62.126511335372925
vehicle,83.09038281440735
vehicle,30.811434984207153
vehicle,59.65476036071777
vehicle,63.85277509689331
vehicle,56.750279664993286
vehicle,80.89398145675659
vehicle,83.64427089691162
vehicle,30.81061542034149
vehicle,59.7591757774353
vehicle,63.848698139190674
vehicle,56.77679777145386
vehicle,80.88268637657166
vehicle,83.6421251296997
vehicle,30.805575847625732
vehicle,59.864842891693115
vehicle,63.851821422576904
vehicle,56.78641200065613
vehicle,80.90483546257019
vehicle,83.64124894142151
vehicle,30.68714439868927
vehicle,66.80859923362732
vehicle,65.58002829551697
vehicle,87.02480792999268
vehicle,84.79646444320679
vehicle,30.655819177627563
vehicle,66.26062393188477
vehicle,65.48029780387878
vehicle,87.12685108184814
vehicle,84.72344279289246
vehicle,30.694419145584106
vehicle,66.27990007400513
vehicle,65.4618501663208
vehicle,87.23989725112915
vehicle,84.64193940162659
vehicle,30.379480123519897
vehicle,73.67108464241028
vehicle,72.3818302154541
vehicle,85.71478724479675
vehicle,84.9372148513794
vehicle,30.301544070243835
vehicle,73.62514138221741
vehicle,72.03745245933533
vehicle,85.84432601928711
vehicle,84.9626362323761
vehicle,31.5187007188797
vehicle,48.40787649154663
vehicle,77.20448970794678
vehicle,69.77857947349548
vehicle,83.46970677375793
vehicle,85.12587547302246
vehicle,31.446078419685364
vehicle,46.31766974925995
vehicle,77.27472186088562
vehicle,69.71431374549866
vehicle,83.41754674911499
vehicle,85.1155161857605
vehicle,31.429433822631836
vehicle,47.746825218200684
vehicle,77.27425694465637
vehicle,69.6995496749878
vehicle,83.69375467300415
vehicle,85.14897227287292
vehicle,31.325656175613403
vehicle,41.087815165519714
vehicle,80.5774450302124
vehicle,84.32206511497498
vehicle,64.66753482818604
vehicle,85.55182814598083
vehicle,84.41835641860962
vehicle,31.165865063667297
vehicle,42.59195029735565
vehicle,80.61184883117676
vehicle,84.28568243980408
vehicle,65.10903835296631
vehicle,85.6912612915039
vehicle,84.45433378219604
vehicle,31.171634793281555
vehicle,42.7064448595047
vehicle,80.60466647148132
vehicle,84.2517614364624
vehicle,65.18349051475525
vehicle,85.6906533241272
vehicle,84.39773917198181
vehicle,31.068387627601624
vehicle,43.120965361595154
vehicle,86.03234887123108
vehicle,71.78985476493835
vehicle,79.48911786079407
vehicle,81.05491399765015
vehicle,83.52857232093811
vehicle,31.029051542282104
vehicle,43.57436001300812
vehicle,86.0641598701477
vehicle,71.79348468780518
vehicle,79.41953539848328
vehicle,80.92093467712402
vehicle,83.54504108428955
vehicle,30.97371757030487
vehicle,70.43384909629822
vehicle,84.20162200927734
vehicle,83.15001726150513
vehicle,55.91501593589783
vehicle,57.553696632385254
vehicle,83.57132077217102
vehicle,30.981379747390747
vehicle,70.45626044273376
vehicle,84.19967293739319
vehicle,83.15273523330688
vehicle,55.73261380195618
vehicle,57.209473848342896
vehicle,83.56959223747253
vehicle,30.98057508468628
vehicle,70.43658494949341
vehicle,84.18869376182556
vehicle,83.16912651062012
vehicle,55.59260845184326
vehicle,57.024312019348145
vehicle,83.56096148490906
vehicle,33.2318902015686
vehicle,53.74276041984558
vehicle,66.0802960395813
vehicle,87.04385161399841
vehicle,86.63922548294067
vehicle,79.94166612625122
vehicle,33.992791175842285
vehicle,33.29979181289673
vehicle,56.723761558532715
vehicle,65.61892628669739
vehicle,87.00626492500305
vehicle,86.59225702285767
vehicle,80.02305030822754
vehicle,35.067591071128845
vehicle,33.266717195510864
vehicle,56.83442950248718
vehicle,65.64116477966309
vehicle,87.02174425125122
vehicle,86.57848238945007
vehicle,79.92544174194336
vehicle,34.894660115242004
vehicle,32.3260098695755
vehicle,57.50795006752014
vehicle,38.664835691452026
vehicle,65.88420867919922
vehicle,65.67907929420471
vehicle,86.55092716217041
vehicle,71.36269807815552
vehicle,81.02444410324097
vehicle,32.51783549785614
vehicle,58.459413051605225
vehicle,38.4234756231308
vehicle,65.96200466156006
vehicle,66.65955185890198
vehicle,86.58488392829895
vehicle,71.40915393829346
vehicle,81.13431930541992
vehicle,32.414084672927856
vehicle,57.27795362472534
vehicle,37.93248534202576
vehicle,65.75803756713867
vehicle,66.4438247680664
vehicle,86.57622933387756
vehicle,71.43167853355408
vehicle,81.04274868965149
vehicle,48.464781045913696
vehicle,57.12547302246094
vehicle,64.35375809669495
vehicle,77.76102423667908
vehicle,84.27677154541016
vehicle,71.98646068572998
vehicle,47.81874716281891
vehicle,56.45126700401306
vehicle,63.95115852355957
vehicle,77.94638276100159
vehicle,84.26151275634766
vehicle,72.32871651649475
vehicle,35.61219573020935
vehicle,61.26128435134888
vehicle,71.60718441009521
vehicle,81.7710816860199
vehicle,72.41283059120178
vehicle,82.74554014205933
vehicle,35.59730648994446
vehicle,61.80108189582825
vehicle,71.73964977264404
vehicle,81.90101385116577
vehicle,72.2809374332428
vehicle,82.99816846847534
vehicle,35.59245467185974
vehicle,61.95154786109924
vehicle,71.74350619316101
vehicle,81.90166354179382
vehicle,72.22120761871338
vehicle,82.98973441123962
vehicle,46.324896812438965
vehicle,53.8347601890564
vehicle,82.14945793151855
vehicle,87.3373031616211
vehicle,43.78550350666046
vehicle,70.6379771232605
vehicle,82.69268274307251
vehicle,53.80144715309143
vehicle,82.10112452507019
vehicle,87.38406896591187
vehicle,44.043365120887756
vehicle,70.66218256950378
vehicle,82.62760639190674
vehicle,46.35607898235321
vehicle,53.71052026748657
vehicle,82.07588195800781
vehicle,87.36822009086609
vehicle,44.640594720840454
vehicle,70.7082450389862
vehicle,82.64679908752441
vehicle,52.25081443786621
vehicle,46.52513265609741
vehicle,55.12503981590271
vehicle,71.06548547744751
vehicle,71.79484367370605
vehicle,80.64546585083008
vehicle,75.54315328598022
vehicle,83.70997309684753
vehicle,51.87844634056091
vehicle,46.54953479766846
vehicle,54.755592346191406
vehicle,71.02279663085938
vehicle,72.18900322914124
vehicle,80.65772652626038
vehicle,74.84591603279114
vehicle,83.68245959281921
vehicle,32.055577635765076
vehicle,55.3830087184906
vehicle,57.15198516845703
vehicle,85.74135303497314
vehicle,73.00608158111572
vehicle,62.06974387168884
vehicle,83.09361338615417
vehicle,83.07816982269287
